Conference,Constituency - Business and Industry,Constituency - Business and Industry2,Constituency - ENGO,Constituency - Environmental,Constituency - Environmental CAN,Constituency - Environmental CJN,Constituency - Farmers,Constituency - Indigenous peoples,Constituency - Local government and Municipal authorities,Constituency - Research and independent,Constituency - Trade Unions,Constituency - Women and Gender,Constituency - Youth,not yet affiliated/no data
COP2015,0.11038961038961038,0.0018552875695732839,0.04359925788497217,0.25139146567717996,0.12523191094619665,0.016697588126159554,0.00927643784786642,0.025974025974025976,0.022263450834879406,0.287569573283859,0.0074211502782931356,0.011131725417439703,0.038033395176252316,0.04916512059369202
COP2017,0.11122770199370409,0.01049317943336831,0.03987408184679958,0.2633788037775446,0.11227701993704092,0.011542497376705142,0.00944386149003148,0.030430220356768102,0.02098635886673662,0.2906610703043022,0.007345225603357817,0.01993704092339979,0.040923399790136414,0.03147953830010493
COP2019,0.1118546845124283,0.008604206500956023,0.03537284894837476,0.29732313575525815,0.10420650095602295,0.011472275334608031,0.011472275334608031,0.027724665391969407,0.019120458891013385,0.2858508604206501,0.006692160611854685,0.020076481835564052,0.04206500956022945,0.018164435946462717
COP2021,0.11646837820914215,0.0,0.015028177833437696,0.34940513462742645,0.07388854101440201,0.010018785222291797,0.011897307451471509,0.029430181590482152,0.022542266750156543,0.271759549154665,0.006261740763932373,0.020037570444583593,0.05572949279899812,0.017532874139010644
